Name;Vorname;Strasse;Ort;Alter
Yang;Paloma;P.O. Box 451, 8598 Donec Road;Bell;88
Diaz;Jayme;Ap #486-1122 Vestibulum Road;Lafayette;45
Valencia;Kelly;755-2020 Erat. Rd.;Lincoln;60
Lindsay;Knox;Ap #732-8577 Pharetra Ave;West Sacramento;68
Donovan;Rowan;P.O. Box 356, 2474 Pede. St.;Jacksonville;75
Nielsen;Keane;851-1918 Morbi St.;Wilmington;12
Underwood;Cassidy;Ap #267-5405 Faucibus Rd.;La Palma;67
Dickerson;Finn;Ap #563-8001 Est. Avenue;San Bernardino;52
Bonner;Alexa;Ap #566-2220 Eget Avenue;St. George;87
Bates;Amal;1158 Vulputate, St.;Santa Monica;48
Sanders;Zephania;Ap #370-6019 Habitant Street;Jeffersonville;26
Chapman;Vladimir;Ap #248-9755 Aliquam Avenue;Logan;8
Nielsen;Alec;3483 Nisl Rd.;Milford;83
Larsen;Kaseem;P.O. Box 855, 3312 Convallis Street;Brea;11
Beck;Hollee;Ap #891-4333 Vel Rd.;Saginaw;75
Walters;Victoria;P.O. Box 526, 4759 Ultricies Rd.;Frankfort;90
Huff;Mary;P.O. Box 175, 4057 Dignissim Road;Littleton;12
Dickerson;Sage;6454 Mollis. Road;Beckley;34
Gay;Wayne;7379 Erat St.;Attleboro;53
Cline;Anthony;153-1152 Quam Rd.;Ames;57
Johnston;Chava;Ap #853-1272 Pretium Av.;Lynchburg;7
Jenkins;Hermione;556 Arcu Rd.;Leominster;51
Carter;Dorian;4846 Justo St.;East Rutherford;83
Calderon;Macon;Ap #643-7206 Neque Street;Shawnee;29
Mcintosh;Kasper;P.O. Box 298, 1978 Leo Ave;Kahului;85
Porter;Clayton;1403 Non, Street;Little Rock;6
Garcia;Gloria;709-2060 Luctus. Rd.;Eatontown;83
Shaw;Silas;P.O. Box 307, 1927 Sapien. Rd.;Gaithersburg;86
Daugherty;Kermit;882-8683 Integer Rd.;Knoxville;9
Moody;Len;9568 Nullam Ave;Durango;45
Deleon;Ursa;5302 Aliquam Rd.;Grass Valley;43
Collins;Katell;6552 Est Road;Muskegon;35
Rojas;Denise;P.O. Box 383, 7571 Egestas Rd.;Rohnert Park;82
Good;Jane;Ap #376-5470 Vulputate Street;Normal;90
Ball;Jermaine;7147 Nascetur Road;Tucson;60
Bowen;Patricia;P.O. Box 187, 9421 Auctor Ave;Worcester;68
Berger;Eric;P.O. Box 875, 2974 Nibh Av.;Anaheim;16
Acevedo;Frances;770-1237 Nunc Rd.;South Burlington;12
Berger;Kuame;Ap #796-421 Pede Ave;Gary;82
Cabrera;Dominique;271-3995 Et Av.;Chicopee;36
Duffy;Jade;770-1457 Integer Road;Bloomington;7
Strong;Cleo;526-465 At St.;Yuma;11
Sampson;Alice;P.O. Box 745, 6038 Amet, Ave;Auburn;5
Roman;Iona;Ap #705-6063 Non St.;Brunswick;12
Golden;Deirdre;P.O. Box 486, 3387 Nonummy. Road;Cedar Falls;64
Ryan;Chaney;7360 Lacinia Avenue;Hastings;64
Tate;Barry;P.O. Box 184, 3815 Porttitor Avenue;Hagerstown;26
Bernard;Allen;P.O. Box 306, 4457 Ultricies St.;Hickory;59
Mayo;Rosalyn;Ap #805-9033 Leo. Ave;Davis;64
Taylor;Willa;1799 Aliquam Rd.;Troy;71
Fry;Zephania;306-7164 Eu Ave;Chattanooga;38
Stokes;Harriet;P.O. Box 488, 862 Cursus Street;Akron;14
Mcgowan;Rebekah;953-7745 Eu, Av.;Montgomery;50
Merrill;Philip;P.O. Box 496, 5719 Sit Road;Rhinelander;65
Ross;James;329-754 Sit St.;Nacogdoches;26
Key;Miriam;174-7070 Auctor Rd.;Birmingham;53
Mueller;Slade;924-6493 Sem St.;Thibodaux;89
Bowen;Jakeem;273-6748 Curae; Av.;La Verne;48
Velazquez;Keith;P.O. Box 827, 5073 Semper. St.;Paramount;8
Mcconnell;Harlan;P.O. Box 132, 3367 Vel, St.;Dixon;47
Donovan;Sybil;8685 Eget Street;Westfield;70
Burns;Camille;Ap #429-1286 Vel Rd.;Scottsdale;52
Carroll;Maggie;Ap #698-2186 Tincidunt Av.;Taunton;75
Donovan;Tyrone;466-3679 Eu Rd.;South Burlington;58
Garrett;Noelle;7611 Faucibus St.;Martinsburg;39
Horton;Thaddeus;722-8921 Eleifend Street;Michigan City;47
Mckay;Cullen;P.O. Box 978, 4038 Ultrices Rd.;Danville;42
Sharp;Magee;233-3989 Ut Ave;Stillwater;23
Dawson;Magee;P.O. Box 718, 2007 Sit Rd.;Glendale;16
Sullivan;Cynthia;9570 Posuere Road;Cape Girardeau;28
Alvarado;Blythe;Ap #585-8597 Arcu Street;High Point;20
Burt;Kelsey;8419 Ante Avenue;New Iberia;51
Keller;Naida;P.O. Box 478, 5718 Dictum Ave;East Rutherford;14
Wilkerson;Austin;209-2233 A, St.;Bloomington;32
Rocha;Malik;3425 Elit. St.;Plano;42
Gardner;Joel;P.O. Box 817, 6358 Lectus Avenue;Fort Collins;44
Murray;Odysseus;286 Nunc Avenue;Wynne;89
Burt;Halla;513-1316 Mollis Road;Bozeman;61
Fletcher;Willa;401-4915 Lacus. Avenue;Pulaski;26
Little;Kay;P.O. Box 610, 5672 Massa. Av.;Baldwin Park;43
Holt;Asher;P.O. Box 858, 5314 Magna Road;Marlborough;29
Woodard;Maya;3763 Vehicula Rd.;Orlando;86
Romero;Abbot;976-526 Diam Rd.;Columbus;74
Bass;Porter;P.O. Box 832, 1783 Ligula. St.;Pittsburgh;22
Griffin;Kessie;7508 Tellus Avenue;Mesa;25
Henderson;Justine;487-841 Quis, St.;Thousand Oaks;86
Gordon;Sonya;Ap #136-3092 Laoreet Rd.;Bangor;13
Little;Stacy;P.O. Box 706, 7836 Non, Street;Stillwater;52
Moon;Lysandra;P.O. Box 670, 5503 Lorem Avenue;Bossier City;9
Williamson;Cassidy;Ap #864-9205 In, Avenue;Beckley;48
Wheeler;Hakeem;4590 In, St.;Idaho Springs;14
Malone;Axel;Ap #608-507 Mattis Road;San Bernardino;43
Bentley;Idona;Ap #994-3367 Non, St.;Lebanon;83
Snider;Garrison;8030 Eu Avenue;Flint;41
Tillman;Clayton;519-4000 Nunc Street;Fairfax;81
Bauer;Shana;997-2627 Felis, Av.;Glendale;15
Richard;Freya;407-6030 Neque. Street;Bloomington;24
Jacobs;Tara;7722 Mauris Avenue;Shelton;10
Burt;Emerson;P.O. Box 595, 2611 Suspendisse Road;Burlingame;35
May;Brenda;465-2489 Eu Avenue;Rohnert Park;60
Kemp;Bertha;758-4869 Torquent Rd.;Visalia;59
Ewing;Neville;7840 Hendrerit Road;Taylorsville;21
Wiley;Indigo;680 Hendrerit St.;Culver City;42
Wilcox;Joan;P.O. Box 576, 7068 Et, St.;Grand Rapids;72
Fitzpatrick;Nora;Ap #261-594 Vel Ave;Green Bay;60
Holder;Chadwick;474-7485 Luctus Street;Tok;46
Marsh;Whilemina;2126 Tincidunt St.;The Dalles;12
Howell;Idola;P.O. Box 213, 5201 Elementum, Av.;Rancho Cucamonga;81
Chang;Trevor;Ap #443-6957 Quis, Rd.;Ann Arbor;63
Briggs;Irma;158 Tempor Avenue;Webster Groves;61
Baird;Stacy;P.O. Box 391, 3426 Volutpat. Avenue;Simi Valley;12
Lowery;Wynter;8041 Lacinia Street;Connellsville;74
Fuentes;Quyn;8918 Mauris St.;Broken Arrow;22
Gay;Blair;P.O. Box 869, 3740 Interdum. Road;Vernon;66
Figueroa;Valentine;1830 Libero Rd.;Chula Vista;66
Sanders;Ivory;Ap #464-9332 Imperdiet Rd.;Irving;54
Ware;Colette;840-1706 Tempor, St.;North Adams;15
Dale;Jonas;P.O. Box 833, 811 Molestie St.;Ephraim;40
Shaw;Ivana;148-1655 Lobortis Rd.;Sutter Creek;63
Marks;Risa;3352 Vulputate St.;Odessa;73
Roberts;Jenna;Ap #267-9101 Aliquam Road;Chino;30
Cabrera;Yolanda;315-8517 Vitae Road;Anaconda;73
Bryant;Athena;5278 Ut, Avenue;San Juan;80
Olsen;Kevin;994-8124 Neque. Road;Fulton;38
House;Justin;4557 Ligula. Rd.;Mount Vernon;22
Sloan;Adara;P.O. Box 351, 8153 Molestie Ave;Bowling Green;22
Rowland;Stephen;4539 Interdum Rd.;Carbondale;88
Rodgers;Jocelyn;3857 Aliquam Rd.;Attleboro;28
Page;Maxine;P.O. Box 439, 129 Id, St.;East St. Louis;77
Pate;Eaton;435-3253 Nam Rd.;Eden Prairie;13
Tyler;Aimee;3759 Consectetuer, St.;Marietta;87
Whitfield;Gage;Ap #135-6634 Ligula St.;Salt Lake City;18
Travis;Cara;P.O. Box 908, 4472 Ac St.;Cedar City;38
Schwartz;Karleigh;Ap #682-1102 Pede St.;Dover;63
Bradford;Lucas;Ap #606-3982 In St.;Monterey;19
Holden;Danielle;P.O. Box 231, 8154 Dolor Rd.;Fort Dodge;15
Payne;Patrick;Ap #836-8682 Massa. St.;Oklahoma City;43
Lambert;Piper;3230 Semper St.;Joplin;82
Sweeney;Zoe;P.O. Box 753, 7088 Iaculis Rd.;Columbus;32
Skinner;Gage;885-9007 Praesent St.;San Marino;1
Jarvis;Lyle;P.O. Box 445, 8845 Sit St.;San Juan;54
Pope;Blaze;359 Tincidunt Rd.;Vincennes;42
Day;Maxwell;P.O. Box 118, 7563 Congue Road;Chickasha;16
Dorsey;Allen;P.O. Box 591, 6607 A St.;Twin Falls;61
Prince;Elmo;2963 Dictum Rd.;North Pole;83
Vega;Mariko;P.O. Box 251, 5133 Nunc Av.;Eugene;53
Knox;Emery;629-7119 Rhoncus. Ave;Memphis;57
Ramos;Beau;406 Ornare, Rd.;Webster Groves;30
Martin;Savannah;Ap #583-8519 Bibendum St.;Pawtucket;36
Weiss;Sierra;468-5356 Consequat, Street;San Angelo;8
Adams;Hakeem;P.O. Box 585, 6497 Dui, Rd.;Fernley;18
Hernandez;Fleur;9790 Suspendisse Ave;Great Falls;9
Pickett;Tallulah;915-2792 Pede. Road;Clarksville;13
Pena;Leila;Ap #707-8727 Ultricies Rd.;La Habra;21
Stevenson;Aaron;P.O. Box 357, 4990 Erat St.;Gloversville;3
Hanson;Ferris;P.O. Box 334, 4388 Vivamus Rd.;La Habra Heights;49
Gill;Orlando;371-1581 Dignissim Rd.;Webster Groves;88
Schroeder;Rudyard;Ap #488-9240 Eleifend, St.;Steubenville;57
Crane;Gloria;Ap #359-6106 Mauris Street;Del Rio;31
Stanley;Megan;5353 Duis Road;Burlingame;44
Winters;Igor;506-7504 Venenatis Avenue;Selma;46
Horn;Demetria;6390 Laoreet Street;Oro Valley;77
Stanton;Hop;Ap #530-3494 Cursus Rd.;Flint;25
Randall;Emerald;7877 Ultricies Av.;Fernley;37
Pearson;Myra;Ap #420-9062 Fringilla Rd.;Ruston;71
Cruz;Maxine;Ap #357-2987 Magna. Av.;Ocean City;69
Villarreal;Brittany;868-5257 Nunc Street;Cudahy;66
Flores;Zephr;Ap #735-5552 Sollicitudin Ave;Citrus Heights;20
Trujillo;Audrey;676-1161 Dolor Ave;Citrus Heights;14
Harrison;Jane;935-2659 Mi St.;New Iberia;30
Buchanan;Buffy;584-8562 Eleifend Av.;Cambridge;23
Manning;Molly;Ap #544-7679 Magna. Av.;Eugene;71
Henderson;Harriet;4240 Euismod Rd.;Greensburg;84
Salinas;Ebony;Ap #372-5684 Nulla Road;Chesapeake;13
York;Nehru;5589 Posuere, St.;Santa Cruz;33
Gentry;Hedda;Ap #675-5099 Purus. St.;Bangor;54
Benjamin;Sarah;8246 Duis Road;Phoenix;86
Douglas;Fallon;456-8118 Diam Av.;Christiansted;36
Waller;Blythe;350-1452 Nibh Ave;Gardner;34
Salas;Xander;Ap #947-6985 Ultricies Av.;Modesto;33
Hunter;Hedy;Ap #431-6763 Eu, Road;La Ca√±ada Flintridge;76
Best;Dominic;P.O. Box 205, 4108 Aliquam Rd.;Webster Groves;53
Odonnell;Ayanna;8813 Ornare St.;Waterbury;68
Hoover;Sylvester;P.O. Box 919, 4168 Eu St.;Fernley;30
Beck;Melinda;Ap #161-7870 Dui Rd.;Longview;48
Workman;Magee;P.O. Box 654, 324 Adipiscing Avenue;Calumet City;61
Valencia;Adara;550-1291 Aliquet, Ave;La Mirada;67
Baker;Steven;7003 Eu Road;Greenville;41
Cooke;Iliana;2298 Cubilia Ave;Gettysburg;80
Chambers;Kiayada;Ap #261-1067 Vehicula St.;Pascagoula;72
Richardson;Brooke;Ap #135-9197 Justo Av.;Laguna Beach;7
Everett;Herrod;9706 Convallis Rd.;Barre;8
Nunez;Adele;4673 Massa. St.;Miami;37
Morris;Dale;3836 Id, Ave;Los Alamitos;5
Norris;Helen;202-7906 Natoque Ave;Muncie;47
Mann;Cruz;498-2159 Diam. Rd.;Farmer City;67
Dalton;Charlotte;Ap #866-199 Molestie Ave;Christiansted;54
Velazquez;Kevyn;P.O. Box 551, 6222 Nunc Avenue;Walla Walla;74
Pope;Oleg;673-6141 Sed Street;Savannah;83
Beach;Alana;P.O. Box 456, 136 Ligula. Av.;Altoona;89

